,movie_title,imdb_rating,number_of_users_rating,director_name,director_rated,star_1_name,star_1_rated,star_2_name,star_2_rated,star_3_name,star_3_rated,genres,motion_picture_rating,relese_year,contry_of_origin,language,budget,gross,run_time,color
0,High School Musical 3: Senior Year,4.9,61000.0,Kenny Ortega,Low,Zac Efron,Top 5000,Vanessa Hudgens,Top 500,Ashley Tisdale,Top 5000,Comedy Drama Family Music Musical Romance,G,2008,United States,English,11000000.0,252909177.0,112.0,Color
1,Charlie's Angels: Full Throttle,4.9,126000.0,McG,Low,Drew Barrymore,Top 5000,Lucy Liu,Top 5000,Cameron Diaz,Top 5000,Action Adventure Comedy Crime,PG-13,2003,United States,English Mandarin Spanish,120000000.0,259175788.0,106.0,Color
2,Boat Trip,4.9,31000.0,Mort Nathan,Low,Cuba Gooding Jr.,Top 5000,Horatio Sanz,Low,Roselyn Sanchez,Top 5000,Comedy,R,2002,United States Germany,English Swedish Spanish,20000000.0,15020293.0,94.0,Color
3,Black Knight,4.9,40000.0,Gil Junger,Low,Martin Lawrence,Top 5000,Marsha Thomason,Top 500,Tom Wilkinson,Top 5000,Adventure Comedy Fantasy,PG-13,2001,United States,English,50000000.0,39976235.0,95.0,Color
4,Valentine,4.9,27000.0,Jamie Blanks,Low,Denise Richards,Top 5000,David Boreanaz,Top 5000,Marley Shelton,Top 500,Horror Mystery Thriller,R,2001,Canada United States,English Cantonese,29000000.0,36684136.0,96.0,color
5,Ghosts of Mars,4.9,54000.0,John Carpenter,Top 5000,Natasha Henstridge,Top 5000,Ice Cube,Top 5000,Pam Grier,Top 5000,Action Horror Sci-Fi,R,2001,United States,English,28000000.0,14010832.0,98.0,Color
6,Dracula 2000,4.9,33000.0,Patrick Lussier,Low,Gerard Butler,Top 500,Justine Waddell,Low,Jonny Lee Miller,Top 5000,Action Fantasy Horror Thriller,R,2000,United States,English,54000000.0,47053625.0,99.0,Color
7,102 Dalmatians,4.9,37000.0,Kevin Lima,Low,Glenn Close,Top 5000,Gérard Depardieu,Top 5000,Ioan Gruffudd,Top 5000,Adventure Comedy Family,G,2000,United States United Kingdom,English,85000000.0,183611771.0,100.0,color
8,Wild Wild West,4.9,158000.0,Barry Sonnenfeld,Low,Will Smith,Top 500,Kevin Kline,Top 5000,Kenneth Branagh,Top 500,Action Comedy Sci-Fi Western,PG-13,1999,United States,English,170000000.0,222104681.0,106.0,color
9,Blues Brothers 2000,4.9,33000.0,John Landis,Low,Dan Aykroyd,Top 5000,John Goodman,Top 5000,Walter Levine,Low,Action Comedy Crime Music Musical,PG-13,1998,United States,English Russian,28000000.0,14051384.0,123.0,Color
10,Showgirls,4.9,66000.0,Paul Verhoeven,Top 5000,Elizabeth Berkley,Top 5000,Kyle MacLachlan,Top 5000,Gina Gershon,Top 5000,Drama,NC-17,1995,France United States,English,45000000.0,20358624.0,128.0,color
11,The Flintstones,4.9,80000.0,Brian Levant,Low,John Goodman,Top 5000,Rick Moranis,Top 5000,Rosie O'Donnell,Low,Comedy Family Fantasy,PG,1994,United States,English,46000000.0,341631208.0,91.0,Color
12,"Honey, I Blew Up the Kid",4.9,44000.0,Randal Kleiser,Low,Rick Moranis,Top 5000,Marcia Strassman,Top 5000,Robert Oliveri,Low,Adventure Comedy Family Romance Sci-Fi,PG,1992,United States,English,40000000.0,58662452.0,89.0,color
13,Freddy's Dead: The Final Nightmare,4.9,45000.0,Rachel Talalay,Low,Robert Englund,Top 5000,Lisa Zane,Low,Shon Greenblatt,Low,Fantasy Horror,R,1991,United States,English,11000000.0,34872033.0,89.0,Color
14,The Titan,4.8,31000.0,Lennart Ruff,Low,Sam Worthington,Top 5000,Taylor Schilling,Top 5000,Tom Wilkinson,Top 5000,Drama Mystery Romance Sci-Fi Thriller,TV-MA,2018,United Kingdom Spain United States Germany,English,,2635408.0,97.0,Color
15,Meet the Blacks,4.8,36000.0,Deon Taylor,Low,Mike Epps,Low,Zulay Henao,Top 5000,Alex Henderson,Low,Comedy Horror,R,2016,United States,English,900000.0,9097072.0,94.0,Color
16,The Forest,4.8,42000.0,Jason Zada,Low,Natalie Dormer,Top 500,Eoin Macken,Low,Stephanie Vogt,Low,Horror Mystery Thriller,PG-13,2016,United States,English Japanese,10000000.0,39712000.0,93.0,Color
17,The Ridiculous 6,4.8,48000.0,Frank Coraci,Low,Adam Sandler,Top 500,Terry Crews,Top 5000,Jorge Garcia,Top 5000,Action Adventure Comedy Western,TV-14,2015,United States,English,60000000.0,,119.0,color
18,The Woman in Black 2: Angel of Death,4.8,28000.0,Tom Harper,Low,Helen McCrory,Top 5000,Jeremy Irvine,Top 5000,Phoebe Fox,Top 5000,Drama Horror Thriller,PG-13,2014,United Kingdom Canada,English,15000000.0,48854305.0,98.0,Color
19,After Earth,4.8,198000.0,M. Night Shyamalan,Top 5000,Jaden Smith,Top 5000,David Denman,Top 5000,Will Smith,Top 500,Action Adventure Sci-Fi,PG-13,2013,United States,English,130000000.0,243611982.0,100.0,color
20,Texas Chainsaw,4.8,49000.0,John Luessenhop,Low,Alexandra Daddario,73,Tania Raymonde,Top 5000,Scott Eastwood,Top 5000,Horror Thriller,R,2013,United States,English,20000000.0,47340586.0,92.0,Color
21,Halloween II,4.8,53000.0,Rob Zombie,Top 5000,Scout Taylor-Compton,Top 5000,Tyler Mane,Low,Malcolm McDowell,Top 5000,Horror,R,2009,United States,English,15000000.0,39421467.0,105.0,Color
22,The Roommate,4.8,38000.0,Christian E. Christiansen,Low,Minka Kelly,Top 500,Leighton Meester,Top 5000,Cam Gigandet,Top 5000,Thriller,PG-13,2011,United States,English,16000000.0,40492652.0,91.0,Color
23,The Twilight Saga: New Moon,4.8,278000.0,Chris Weitz,Low,Kristen Stewart,Top 500,Robert Pattinson,Top 500,Taylor Lautner,Top 5000,Adventure Drama Fantasy Romance,PG-13,2009,United States,English Italian,50000000.0,711025481.0,130.0,Color
24,The Unborn,4.8,51000.0,David S. Goyer,Low,Odette Annable,Top 5000,Gary Oldman,Top 500,Cam Gigandet,Top 5000,Horror Mystery Thriller,PG-13,2009,United States,English Hebrew,16000000.0,76514050.0,88.0,Color
25,All About Steve,4.8,41000.0,Phil Traill,Low,Sandra Bullock,Top 500,Bradley Cooper,Top 500,Thomas Haden Church,Top 5000,Comedy Romance,PG-13,2009,United States,English Spanish French American Sign Language,15000000.0,40105542.0,99.0,Color
26,The Spirit,4.8,61000.0,Frank Miller,Low,Gabriel Macht,Top 5000,Samuel L. Jackson,Top 5000,Scarlett Johansson,Top 500,Action Crime Fantasy Thriller,PG-13,2008,United States,English French,60000000.0,39164441.0,103.0,Color
27,Pulse,4.8,29000.0,Jim Sonzero,Low,Kristen Bell,Top 500,Rick Gonzalez,Top 5000,Christina Milian,Top 5000,Horror Sci-Fi Thriller,PG-13,2006,United States South Africa,English,20500000.0,29907685.0,90.0,Color
28,The Santa Clause 3: The Escape Clause,4.8,37000.0,Michael Lembeck,Low,Tim Allen,Top 5000,Martin Short,Top 5000,Elizabeth Mitchell,Top 5000,Adventure Comedy Family Fantasy,G,2006,United States,English,12000000.0,110768122.0,92.0,Color
29,Big Momma's House 2,4.8,43000.0,John Whitesell,Low,Martin Lawrence,Top 5000,Emily Procter,Top 5000,Nia Long,Top 5000,Comedy Crime,PG-13,2006,United States,English,40000000.0,141522961.0,99.0,Color
30,Tekken,4.8,27000.0,Dwight H. Little,Low,Jonathan Patrick Foo,Low,Kelly Overton,Low,Cary-Hiroyuki Tagawa,Low,Action Crime Drama Sci-Fi Thriller,R,2010,United States Japan,English Japanese,30000000.0,1697207.0,92.0,Color
31,Herbie Fully Loaded,4.8,47000.0,Angela Robinson,Low,Lindsay Lohan,Top 5000,Michael Keaton,Top 500,Cheryl Hines,Top 5000,Adventure Comedy Family Fantasy Romance Sport,G,2005,United States,English,50000000.0,144146816.0,101.0,Color
32,DOA: Dead or Alive,4.8,44000.0,Corey Yuen,Low,Jaime Pressly,Top 5000,Devon Aoki,Top 5000,Sarah Carter,Top 5000,Action Adventure Mystery,PG-13,2006,United Kingdom Germany Japan United States,English,21000000.0,7563172.0,87.0,Color
33,Seed of Chucky,4.8,44000.0,Don Mancini,Low,Jennifer Tilly,Top 5000,Brad Dourif,Top 5000,John Waters,Low,Comedy Horror Thriller,R,2004,United States United Kingdom Romania,English Japanese,12000000.0,24829644.0,87.0,color
34,Bewitched,4.8,72000.0,Nora Ephron,Low,Nicole Kidman,Top 500,Will Ferrell,Top 5000,Shirley MacLaine,Top 5000,Comedy Fantasy Romance,PG-13,2005,United States,English Spanish,85000000.0,131426169.0,102.0,Color
35,Godsend,4.8,26000.0,Nick Hamm,Low,Robert De Niro,Top 500,Greg Kinnear,Top 5000,Rebecca Romijn,Top 5000,Drama Fantasy Horror Sci-Fi Thriller,PG-13,2004,Canada United States,English,25000000.0,30120671.0,102.0,Color
36,"Legally Blonde 2: Red, White & Blonde",4.8,65000.0,Charles Herman-Wurmfeld,Low,Reese Witherspoon,Top 5000,Sally Field,Top 5000,Bob Newhart,Top 5000,Comedy,PG-13,2003,United States,English,45000000.0,124914842.0,95.0,Color
37,Envy,4.8,31000.0,Barry Levinson,Top 5000,Ben Stiller,Top 5000,Jack Black,Top 5000,Rachel Weisz,Top 5000,Comedy,PG-13,2004,United States,English Italian,40000000.0,14494036.0,99.0,Color
38,The Animal,4.8,59000.0,Luke Greenfield,Low,Rob Schneider,Top 5000,Colleen Haskell,Low,John C. McGinley,Top 5000,Comedy Sci-Fi,PG-13,2001,United States,English,47000000.0,85191134.0,84.0,Color
39,Double Team,4.8,34000.0,Hark Tsui,Low,Jean-Claude Van Damme,Top 5000,Dennis Rodman,Low,Mickey Rourke,Top 5000,Action Comedy Sci-Fi Thriller,R,1997,United States Hong Kong,English Italian,30000000.0,11438337.0,93.0,Color
40,Anaconda,4.8,102000.0,Luis Llosa,Low,Jon Voight,Top 5000,Jennifer Lopez,Top 5000,Eric Stoltz,Top 5000,Action Adventure Horror Thriller,PG-13,1997,United States Brazil Peru,English,45000000.0,136885767.0,89.0,Color
41,Halloween: The Curse of Michael Myers,4.8,35000.0,Joe Chappelle,Low,Donald Pleasence,Low,Paul Rudd,Top 500,Marianne Hagan,Low,Horror Thriller,R,1995,United States,English,5000000.0,15116634.0,87.0,Color
42,Teenage Mutant Ninja Turtles III,4.8,33000.0,Stuart Gillard,Low,Elias Koteas,Top 5000,Paige Turco,Top 5000,Stuart Wilson,Low,Action Adventure Comedy Family Fantasy Sci-Fi,PG,1993,United States Hong Kong,English,21000000.0,42273609.0,96.0,color
43,Leprechaun,4.8,26000.0,Mark Jones,Low,Warwick Davis,Top 5000,Jennifer Aniston,Top 500,Ken Olandt,Low,Comedy Fantasy Horror,R,1993,United States,English,900000.0,8556940.0,92.0,Color
44,Friday the 13th: A New Beginning,4.8,37000.0,Danny Steinmann,Low,Melanie Kinnaman,Low,John Shepherd,Low,Anthony Barrile,Low,Horror Mystery Thriller,R,1985,United States,English,2200000.0,21930418.0,92.0,color
45,Bharat,4.7,30000.0,Ali Abbas Zafar,Low,Salman Khan,Low,Katrina Kaif,Low,Sunil Grover,Low,Action Comedy Drama,Not Rated,2019,India,Hindi,,35261263.0,150.0,Color
46,IO,4.7,33000.0,Jonathan Helpert,Low,Margaret Qualley,Top 500,Anthony Mackie,Top 5000,Danny Huston,Top 5000,Adventure Drama Sci-Fi,TV-14,2019,United States,English,,,96.0,Color
47,The Boy Next Door,4.7,41000.0,Rob Cohen,Low,Jennifer Lopez,Top 5000,Ryan Guzman,Top 5000,Kristin Chenoweth,Top 5000,Thriller,R,2015,United States,English,4000000.0,52425855.0,91.0,Color
48,God's Not Dead,4.7,42000.0,Harold Cronk,Low,Shane Harper,Low,Kevin Sorbo,Top 5000,David A.R. White,Low,Drama,PG,2014,United States,English,2000000.0,64676349.0,113.0,Color
49,Bodyguard,4.7,25000.0,Siddique,Low,Salman Khan,Low,Kareena Kapoor,Low,Raj Babbar,Low,Action Comedy Drama Romance,Not Rated,2011,India,Hindi English,,31516209.0,130.0,Color
50,Zoolander 2,4.7,68000.0,Ben Stiller,Top 5000,Ben Stiller,Top 5000,Owen Wilson,Top 5000,Penélope Cruz,Top 5000,Action Adventure Comedy Mystery Romance,PG-13,2016,United States Italy,English Italian Spanish,50000000.0,56722693.0,101.0,Color
51,Ra.One,4.7,40000.0,Anubhav Sinha,Low,Shah Rukh Khan,Top 5000,Arjun Rampal,Low,Kareena Kapoor,Low,Action Adventure Sci-Fi,Not Rated,2011,India United States,Hindi,24000000.0,35911689.0,156.0,Color
52,Recep Ivedik,4.7,26000.0,Togan Gökbakar,Low,Sahan Gökbakar,Low,Fatma Toptas,Low,Tulug Çizgen,Low,Adventure Comedy,UR,2008,Turkey,Turkish,500000.0,28548025.0,90.0,Color
53,Jonah Hex,4.7,58000.0,Jimmy Hayward,Low,Josh Brolin,Top 5000,Megan Fox,Top 500,John Malkovich,Top 5000,Action Drama Fantasy Thriller Western,PG-13,2010,United States,English,47000000.0,10903312.0,81.0,Color
54,The Marine,4.7,34000.0,John Bonito,Low,John Cena,82,Kelly Carlson,Top 5000,Robert Patrick,Top 500,Action Comedy Drama Thriller,PG-13,2006,United States,English Arabic,20000000.0,22165608.0,92.0,Color
55,Are We There Yet?,4.7,31000.0,Brian Levant,Low,Ice Cube,Top 5000,Nia Long,Top 5000,Aleisha Allen,Low,Adventure Comedy Family Fantasy Romance,PG,2005,United States Canada,English,32000000.0,97918663.0,95.0,Color
56,Deuce Bigalow: European Gigolo,4.7,50000.0,Mike Bigelow,Low,Rob Schneider,Top 5000,Eddie Griffin,Low,Jeroen Krabbé,Low,Comedy,R,2005,United States,English Dutch,22000000.0,45109561.0,83.0,Color
57,Anacondas: The Hunt for the Blood Orchid,4.7,31000.0,Dwight H. Little,Low,Morris Chestnut,Top 5000,KaDee Strickland,Top 5000,Eugene Byrd,Top 5000,Action Adventure Horror Thriller,PG-13,2004,United States Australia,English Indonesian,20000000.0,70992898.0,97.0,Color
58,Confessions of a Teenage Drama Queen,4.7,29000.0,Sara Sugarman,Low,Lindsay Lohan,Top 5000,Megan Fox,Top 500,Adam Garcia,Top 5000,Comedy Family Music Romance,PG,2004,Germany United States,English,15000000.0,33251890.0,89.0,Color
59,Elektra,4.7,91000.0,Rob Bowman,Low,Jennifer Garner,Top 5000,Goran Visnjic,Top 5000,Will Yun Lee,Top 5000,Action Adventure Crime Fantasy,PG-13,2005,Canada United States Switzerland,English Japanese,43000000.0,56995646.0,97.0,Color
60,My Boss's Daughter,4.7,29000.0,David Zucker,Low,Ashton Kutcher,Top 5000,Tara Reid,Top 5000,Andy Richter,Low,Comedy Romance,PG-13,2003,United States,English,14000000.0,18191005.0,86.0,Color
61,Dr. Dolittle 2,4.7,45000.0,Steve Carr,Low,Eddie Murphy,Top 5000,Cedric the Entertainer,Low,Kristen Wilson,Low,Comedy Family Fantasy,PG,2001,United States,English,70000000.0,176104344.0,87.0,Color
62,I Still Know What You Did Last Summer,4.7,73000.0,Danny Cannon,Low,Jennifer Love Hewitt,Top 500,Freddie Prinze Jr.,Top 5000,Brandy Norwood,Low,Horror Mystery,R,1998,United States Mexico,English,65000000.0,40002112.0,100.0,Color
63,Junior,4.7,68000.0,Ivan Reitman,Top 5000,Arnold Schwarzenegger,Top 5000,Danny DeVito,Top 5000,Emma Thompson,Top 5000,Comedy Romance Sci-Fi,PG-13,1994,United States,English,60000000.0,108431355.0,109.0,Color
64,Look Who's Talking Too,4.7,46000.0,Amy Heckerling,Low,John Travolta,Top 5000,Kirstie Alley,Top 5000,Olympia Dukakis,Low,Comedy Family Romance,PG-13,1990,United States,English,,47789074.0,81.0,Color
65,Howard the Duck,4.7,46000.0,Willard Huyck,Low,Lea Thompson,Top 5000,Jeffrey Jones,Top 5000,Tim Robbins,Top 5000,Action Adventure Comedy Romance Sci-Fi,PG,1986,United States,English,37000000.0,37962774.0,110.0,Color
66,Fifty Shades Darker,4.6,98000.0,James Foley,Low,Dakota Johnson,Top 500,Jamie Dornan,Top 500,Eric Johnson,Top 5000,Drama Romance,R,2017,United States China Japan,English,55000000.0,381545846.0,118.0,Color
67,Paranormal Activity: The Ghost Dimension,4.6,27000.0,Gregory Plotkin,Low,Chris J. Murray,Low,Brit Shaw,Low,Ivy George,Low,Horror Mystery,R,2015,United States,English German Ukrainian,10000000.0,78903124.0,88.0,Color
68,Paranormal Activity 4,4.6,65000.0,Henry Joost,Low,Stephen Dunham,Low,Katie Featherston,Low,Matt Shively,Low,Horror Mystery,R,2012,United States,English Ukrainian,5000000.0,142802657.0,88.0,Color
69,Hannah Montana: The Movie,4.6,42000.0,Peter Chelsom,Low,Miley Cyrus,Top 5000,Emily Osment,Top 500,Billy Ray Cyrus,Low,Comedy Drama Family Music Romance,G,2009,United States,English,30000000.0,155545279.0,102.0,Color
70,Aliens vs. Predator: Requiem,4.6,121000.0,Colin Strause,Low,Reiko Aylesworth,Top 5000,Steven Pasquale,Low,Shareeka Epps,Low,Action Adventure Horror Sci-Fi Thriller,R,2007,United States,English,40000000.0,130290885.0,94.0,Color
71,Black Christmas,4.6,27000.0,Glen Morgan,Low,Michelle Trachtenberg,Top 5000,Mary Elizabeth Winstead,Top 500,Lacey Chabert,Top 500,Horror,R,2006,Canada United States,English,9000000.0,21510851.0,95.0,Color
72,Superhero Movie,4.6,67000.0,Craig Mazin,Low,Drake Bell,Low,Leslie Nielsen,Top 5000,Sara Paxton,Top 5000,Action Comedy Sci-Fi,PG-13,2008,United States,English,35000000.0,71571300.0,75.0,Color
73,Freddy Got Fingered,4.6,48000.0,Tom Green,Low,Tom Green,Low,Rip Torn,Top 5000,Marisa Coughlan,Low,Comedy,R,2001,United States,English,14000000.0,14343028.0,87.0,Color
74,Psycho,4.6,48000.0,Gus Van Sant,Low,Vince Vaughn,Top 5000,Anne Heche,Top 5000,Julianne Moore,Top 5000,Horror Mystery Thriller,R,1998,United States,English,60000000.0,37170655.0,105.0,Color
75,Driven,4.6,41000.0,Renny Harlin,Low,Sylvester Stallone,Top 500,Kip Pardue,Top 5000,Til Schweiger,Low,Action Drama Sport,PG-13,2001,United States Canada Australia,English German Spanish,94000000.0,54744738.0,116.0,Color
76,The Island of Dr. Moreau,4.6,33000.0,John Frankenheimer,Low,David Thewlis,Top 5000,Marlon Brando,Top 5000,Val Kilmer,Top 5000,Horror Sci-Fi Thriller,PG-13,1996,United States,English Indonesian,40000000.0,49627779.0,96.0,Color
77,Friday the 13th Part VIII: Jason Takes Manhattan,4.6,37000.0,Rob Hedden,Low,Jensen Daggett,Low,Kane Hodder,Low,Todd Caldecott,Low,Adventure Horror Thriller,R,1989,Canada United States,English,5000000.0,14343976.0,100.0,color
78,Police Academy 5: Assignment: Miami Beach,4.6,36000.0,Alan Myerson,Low,Bubba Smith,Low,David Graf,Low,Michael Winslow,Low,Comedy Crime,PG,1988,United States,English,,19510371.0,90.0,color
79,Fifty Shades Freed,4.5,62000.0,James Foley,Low,Dakota Johnson,Top 500,Jamie Dornan,Top 500,Eric Johnson,Top 5000,Drama Romance Thriller,R,2018,United States,English,55000000.0,371987838.0,105.0,Color
80,Snatched,4.5,35000.0,Jonathan Levine,Low,Amy Schumer,Top 5000,Goldie Hawn,Top 5000,Kim Caramele,Low,Action Adventure Comedy,R,2017,United States,English Spanish,42000000.0,60845711.0,90.0,Color
81,In the Land of Blood and Honey,4.5,34000.0,Angelina Jolie,76,Zana Marjanovic,Low,Goran Kostic,Low,Rade Serbedzija,Low,Drama Romance War,R,2011,United States,Bosnian Serbian Croatian English,13000000.0,1203699.0,127.0,Color
82,"Big Mommas: Like Father, Like Son",4.5,27000.0,John Whitesell,Low,Martin Lawrence,Top 5000,Brandon T. Jackson,Low,Jessica Lucas,Top 5000,Action Comedy Crime,PG-13,2011,United States,English,32000000.0,82686066.0,107.0,Color
83,Sex and the City 2,4.5,78000.0,Michael Patrick King,Low,Sarah Jessica Parker,Top 5000,Kim Cattrall,Top 500,Kristin Davis,Top 5000,Comedy Drama Romance,R,2010,United States,English Arabic,100000000.0,290745055.0,146.0,Color
84,Alvin and the Chipmunks: The Squeakquel,4.5,47000.0,Betty Thomas,Low,Jason Lee,Top 5000,Zachary Levi,Top 500,David Cross,Top 5000,Animation Adventure Comedy Drama Family Fantasy Music Musical,PG,2009,United States,English French,75000000.0,443140005.0,88.0,Color
85,Ouija,4.5,52000.0,Stiles White,Low,Olivia Cooke,Top 5000,Ana Coto,Low,Daren Kagasoff,Low,Horror Mystery Thriller,PG-13,2014,United States,English,5000000.0,103687316.0,89.0,Color
86,Rings,4.5,40000.0,F. Javier Gutiérrez,Low,Matilda Anna Ingrid Lutz,Top 5000,Alex Roe,Low,Johnny Galecki,Top 5000,Drama Horror Mystery Romance,PG-13,2017,United States,English,25000000.0,83080890.0,102.0,Color
87,The Butterfly Effect 2,4.5,35000.0,John R. Leonetti,Low,Eric Lively,Low,Erica Durance,Top 5000,Dustin Milligan,Top 5000,Drama Sci-Fi Thriller,R,2006,United States,English,,966458.0,92.0,Color
88,Little Man,4.5,54000.0,Keenen Ivory Wayans,Low,Shawn Wayans,Top 5000,Marlon Wayans,Top 5000,Kerry Washington,Top 5000,Comedy Crime,PG-13,2006,United States Canada,English,64000000.0,104003322.0,98.0,Color
89,xXx: State of the Union,4.5,70000.0,Lee Tamahori,Low,Ice Cube,Top 5000,Samuel L. Jackson,Top 5000,Willem Dafoe,Top 500,Action Adventure Crime Sci-Fi Thriller,PG-13,2005,United States,English,113000000.0,71022693.0,101.0,Color
90,Taxi,4.5,42000.0,Tim Story,Low,Queen Latifah,Top 5000,Jimmy Fallon,Low,Gisele Bündchen,Low,Action Comedy Crime Thriller,PG-13,2004,United States France,English Portuguese Spanish,25000000.0,71255003.0,97.0,Color
91,Home Alone 3,4.5,114000.0,Raja Gosnell,Low,Alex D. Linz,Low,Olek Krupa,Low,Rya Kihlstedt,Low,Action Comedy Crime Family,PG,1997,United States,English Polish,32000000.0,79082515.0,102.0,Color
92,Striptease,4.5,45000.0,Andrew Bergman,Low,Demi Moore,Top 5000,Burt Reynolds,Top 5000,Armand Assante,Top 5000,Comedy Crime Drama Thriller,R,1996,United States,English,40000000.0,113309743.0,115.0,color
93,Bio-Dome,4.5,27000.0,Jason Bloom,Low,Pauly Shore,Top 5000,Stephen Baldwin,Top 5000,William Atherton,Top 5000,Comedy,PG-13,1996,United States,English,15000000.0,13427615.0,88.0,Color
94,The Next Karate Kid,4.5,30000.0,Christopher Cain,Low,Pat Morita,Top 5000,Hilary Swank,Top 5000,Michael Ironside,Top 5000,Action Drama Family Romance Sport,PG,1994,United States,English,12000000.0,15876353.0,107.0,color
95,Space Jam: A New Legacy,4.4,64000.0,Malcolm D. Lee,Low,LeBron James,Low,Don Cheadle,Top 5000,Cedric Joe,Low,Animation Adventure Comedy Family Fantasy Sci-Fi Sport,PG,2021,United States,English,150000000.0,162892228.0,115.0,Color
96,Paul Blart: Mall Cop 2,4.4,37000.0,Andy Fickman,Low,Kevin James,Top 5000,Raini Rodriguez,Low,Eduardo Verástegui,Low,Action Comedy Crime Family,PG,2015,United States,English,30000000.0,107588225.0,94.0,Color
97,Alvin and the Chipmunks: Chipwrecked,4.4,34000.0,Mike Mitchell,Low,Justin Long,Top 5000,Matthew Gray Gubler,Top 5000,Jesse McCartney,Low,Animation Adventure Comedy Family Fantasy Music Musical,G,2011,United States,English,75000000.0,342695435.0,87.0,Color
98,LOL,4.4,55000.0,Lisa Azuelos,Low,Miley Cyrus,Top 5000,Douglas Booth,Top 5000,Ashley Greene,Top 5000,Comedy Drama Romance,PG-13,2012,United States,English French Ukrainian,11000000.0,10578643.0,97.0,Color
99,Skyline,4.4,89000.0,Colin Strause,Low,Eric Balfour,Top 5000,Donald Faison,Top 5000,Scottie Thompson,Top 5000,Action Sci-Fi Thriller,PG-13,2010,United States,English,10000000.0,66984887.0,92.0,Color
100,The Human Centipede (First Sequence),4.4,77000.0,Tom Six,Low,Dieter Laser,Low,Ashley C. Williams,Low,Ashlynn Yennie,Low,Horror,R,2009,Netherlands,English German Japanese,,325113.0,92.0,Color
101,Death Note,4.4,82000.0,Adam Wingard,Low,Nat Wolff,Top 5000,LaKeith Stanfield,Top 5000,Margaret Qualley,Top 500,Crime Drama Fantasy Horror Thriller,TV-MA,2017,United States,English Japanese Spanish,,,101.0,Color
102,Thunder Force,4.4,39000.0,Ben Falcone,Low,Melissa McCarthy,Top 5000,Octavia Spencer,Top 5000,Jason Bateman,Top 500,Action Adventure Comedy Fantasy Sci-Fi,PG-13,2021,United States,English,,,106.0,Color
103,Cell,4.4,27000.0,Tod Williams,Low,John Cusack,Top 5000,Samuel L. Jackson,Top 5000,Isabelle Fuhrman,Top 5000,Action Adventure Horror Sci-Fi Thriller,R,2016,United States,English,,1323012.0,98.0,Color
104,Basic Instinct 2,4.4,39000.0,Michael Caton-Jones,Low,Sharon Stone,Top 5000,David Morrissey,Low,David Thewlis,Top 5000,Drama Mystery Thriller,R,2006,United Kingdom Germany Spain United States,Telugu English,70000000.0,38629478.0,114.0,Color
105,Ultraviolet,4.4,81000.0,Kurt Wimmer,Low,Milla Jovovich,Top 5000,Cameron Bright,Low,Nick Chinlund,Low,Action Sci-Fi,PG-13,2006,United States,English Vietnamese,30000000.0,31070211.0,88.0,Color
106,Kangaroo Jack,4.4,31000.0,David McNally,Low,Anthony Anderson,Top 5000,Jerry O'Connell,Top 5000,Estella Warren,Top 5000,Action Adventure Comedy Crime Family,PG,2003,United States Australia,English,60000000.0,88929111.0,89.0,Color
107,Jason X,4.4,55000.0,James Isaac,Low,Kane Hodder,Low,Lexa Doig,Top 5000,Jeff Geddis,Low,Action Horror Sci-Fi Thriller,R,2001,United States,English,11000000.0,17077882.0,92.0,Color
108,Nutty Professor II: The Klumps,4.4,50000.0,Peter Segal,Low,Eddie Murphy,Top 5000,Janet Jackson,Low,Larry Miller,Low,Comedy Romance Sci-Fi,PG-13,2000,United States,English,84000000.0,166339890.0,106.0,Color
109,Species II,4.4,29000.0,Peter Medak,Low,Natasha Henstridge,Top 5000,Michael Madsen,Top 5000,Marg Helgenberger,Top 5000,Action Horror Sci-Fi Thriller,R,1998,United States,English,,19221939.0,93.0,Color
110,Look Who's Talking Now,4.4,29000.0,Tom Ropelewski,Low,John Travolta,Top 5000,Kirstie Alley,Top 5000,David Gallagher,Top 5000,Comedy Family Romance,PG-13,1993,United States,English,22000000.0,10340263.0,96.0,color
111,Police Academy 6: City Under Siege,4.4,31000.0,Peter Bonerz,Low,Bubba Smith,Low,David Graf,Low,Michael Winslow,Low,Comedy Crime,PG,1989,United States,English,12000000.0,11567217.0,84.0,color
112,Grease 2,4.4,35000.0,Patricia Birch,Low,Michelle Pfeiffer,Top 5000,Maxwell Caulfield,Top 5000,Lorna Luft,Low,Comedy Drama Musical Romance,PG,1982,United States,English,13200000.0,15171476.0,115.0,color
113,Movie 43,4.3,104000.0,Elizabeth Banks,Top 500,Steve Carr,Low,Emma Stone,Top 500,Stephen Merchant,Top 5000,Comedy,R,2013,United States,English,6000000.0,32443111.0,94.0,Color
114,Ghost Rider: Spirit of Vengeance,4.3,117000.0,Mark Neveldine,Low,Nicolas Cage,Top 500,Ciarán Hinds,Top 5000,Idris Elba,Top 5000,Action Fantasy Thriller,PG-13,2011,United States United Arab Emirates,English Romanian,57000000.0,132563930.0,96.0,Color/Black and White
115,Spy Kids 3-D: Game Over,4.3,59000.0,Robert Rodriguez,Top 500,Daryl Sabara,Low,Alexa PenaVega,Top 5000,Antonio Banderas,Top 5000,Action Adventure Comedy Family Sci-Fi,PG,2003,United States,English,38000000.0,197101678.0,84.0,Color
116,Stop! Or My Mom Will Shoot,4.3,42000.0,Roger Spottiswoode,Low,Sylvester Stallone,Top 500,Estelle Getty,Top 5000,JoBeth Williams,Low,Action Comedy,PG-13,1992,United States,English,45000000.0,70611210.0,87.0,Color
117,Artemis Fowl,4.2,27000.0,Kenneth Branagh,Top 500,Ferdia Shaw,Low,Lara McDonnell,Low,Josh Gad,Top 5000,Adventure Family Fantasy Sci-Fi,PG,2020,United States,English Italian,,,95.0,Color/Black and White
118,A Wrinkle in Time,4.2,44000.0,Ava DuVernay,Low,Storm Reid,Top 5000,Oprah Winfrey,Low,Reese Witherspoon,Top 5000,Adventure Family Fantasy Sci-Fi,PG,2018,United States,English,100000000.0,132675864.0,109.0,Color
119,The Devil Inside,4.2,36000.0,William Brent Bell,Low,Fernanda Andrade,Low,Simon Quarterman,Low,Evan Helmuth,Low,Horror,R,2012,United States,English German Italian,1000000.0,101758490.0,83.0,Color
120,Fantastic Four,4.2,161000.0,Josh Trank,Low,Miles Teller,Top 5000,Kate Mara,Top 500,Michael B. Jordan,Top 5000,Action Adventure Sci-Fi,PG-13,2015,United States Germany United Kingdom,English Spanish,120000000.0,167882881.0,100.0,Color
121,The Legend of Hercules,4.2,54000.0,Renny Harlin,Low,Kellan Lutz,Top 5000,Gaia Weiss,Low,Scott Adkins,Top 5000,Action Adventure Fantasy,PG-13,2014,United States Bulgaria Germany,English,70000000.0,61279452.0,99.0,Color
122,Coolie No. 1,4.2,73000.0,David Dhawan,Low,Varun Dhawan,Low,Sara Ali Khan,Low,Paresh Rawal,Low,Action Comedy Romance,TV-14,2020,India,Hindi,,,134.0,Color
123,Cinderella,4.2,38000.0,Kay Cannon,Low,Camila Cabello,Low,Billy Porter,Low,Nicholas Galitzine,Low,Comedy Family Fantasy Musical Romance,PG,2021,United States United Kingdom,English,,,113.0,Color
124,Boogeyman,4.2,31000.0,Stephen Kay,Low,Barry Watson,Top 5000,Emily Deschanel,Top 5000,Lucy Lawless,Top 5000,Drama Horror Mystery Thriller,PG-13,2005,United States New Zealand Germany,English,20000000.0,67192859.0,89.0,Color
125,Universal Soldier: The Return,4.2,29000.0,Mic Rodgers,Low,Jean-Claude Van Damme,Top 5000,Bill Goldberg,Low,Heidi Schanz,Low,Action Sci-Fi,R,1999,United States,English,45000000.0,10667893.0,83.0,Color
126,Inspector Gadget,4.2,48000.0,David Kellogg,Low,Matthew Broderick,Top 5000,Rupert Everett,Top 5000,Joely Fisher,Low,Action Adventure Comedy Crime Family Sci-Fi,PG,1999,United States,English Norwegian French Spanish,90000000.0,134403112.0,78.0,color
127,Jason Goes to Hell: The Final Friday,4.2,31000.0,Adam Marcus,Low,John D. LeMay,Low,Kari Keegan,Low,Kane Hodder,Low,Fantasy Horror Thriller,UR,1993,United States,English,3000000.0,15935068.0,87.0,Color
128,Highlander II: The Quickening,4.2,45000.0,Russell Mulcahy,Low,Christopher Lambert,Top 5000,Sean Connery,Top 5000,Virginia Madsen,Top 5000,Action Adventure Fantasy Sci-Fi Thriller,R,1991,United Kingdom France Argentina,English,30000000.0,15556340.0,91.0,Color
129,Fifty Shades of Grey,4.1,311000.0,Sam Taylor-Johnson,Low,Dakota Johnson,Top 500,Jamie Dornan,Top 500,Jennifer Ehle,Top 5000,Drama Romance Thriller,R,2015,United States,English,40000000.0,569651467.0,125.0,Color
130,Norbit,4.1,73000.0,Brian Robbins,Low,Eddie Murphy,Top 5000,Thandiwe Newton,Top 5000,Terry Crews,Top 5000,Comedy Romance,PG-13,2007,United States,English,60000000.0,159814490.0,102.0,Color
131,Torque,4.1,28000.0,Joseph Kahn,Low,Martin Henderson,Top 5000,Ice Cube,Top 5000,Monet Mazur,Low,Action Comedy Crime,PG-13,2004,United States,English,40000000.0,46546197.0,84.0,Color
132,Super Mario Bros.,4.1,53000.0,Annabel Jankel,Low,Bob Hoskins,Top 5000,John Leguizamo,100,Dennis Hopper,Top 5000,Adventure Comedy Family Fantasy Sci-Fi,PG,1993,United Kingdom United States Japan France,English,48000000.0,20915465.0,104.0,color
133,RoboCop 3,4.1,50000.0,Fred Dekker,Low,Robert John Burke,Top 5000,Nancy Allen,Top 5000,Mario Machado,Low,Action Crime Sci-Fi Thriller,PG-13,1993,United States,English Japanese,22000000.0,10696210.0,104.0,Color
134,Shark Night,4.0,26000.0,David R. Ellis,Low,Sara Paxton,Top 5000,Dustin Milligan,Top 5000,Chris Carmack,Low,Horror Thriller,PG-13,2011,United States,English,25000000.0,41363927.0,90.0,Color
135,The Last Airbender,4.0,160000.0,M. Night Shyamalan,Top 5000,Noah Ringer,Low,Nicola Peltz,Top 5000,Jackson Rathbone,Top 5000,Action Adventure Family Fantasy,PG,2010,United States,English,150000000.0,319713881.0,103.0,Color
136,One Missed Call,4.0,32000.0,Eric Valette,Low,Edward Burns,Top 5000,Shannyn Sossamon,Top 5000,Ana Claudia Talancón,Low,Horror Mystery,PG-13,2008,United States Japan Germany United Kingdom,English,20000000.0,45847751.0,87.0,Color
137,The Cat in the Hat,4.0,81000.0,Bo Welch,Low,Mike Myers,Top 5000,Spencer Breslin,Low,Dakota Fanning,Top 500,Adventure Comedy Family Fantasy,PG,2003,United States,English,109000000.0,133960541.0,82.0,Color
138,Book of Shadows: Blair Witch 2,4.0,37000.0,Joe Berlinger,Low,Jeffrey Donovan,Top 5000,Stephen Barker Turner,Low,Erica Leerhsen,Low,Adventure Fantasy Horror Mystery Thriller,R,2000,United States,English German,15000000.0,47737094.0,90.0,Color
139,Halloween: Resurrection,4.0,42000.0,Rick Rosenthal,Low,Jamie Lee Curtis,Top 5000,Busta Rhymes,Low,Brad Loree,Low,Horror Thriller,R,2002,United States,English,13000000.0,37664855.0,94.0,Color
140,Street Fighter,4.0,70000.0,Steven E. de Souza,Low,Jean-Claude Van Damme,Top 5000,Raul Julia,Low,Ming-Na Wen,20,Action Adventure Comedy Thriller,PG-13,1994,Japan United States,English Japanese Esperanto,35000000.0,99431786.0,102.0,Color
141,Plan 9 from Outer Space,4.0,38000.0,Edward D. Wood Jr.,Low,Gregory Walcott,Low,Tom Keene,Low,Mona McKinnon,Low,Horror Sci-Fi,Not Rated,1957,United States,English,60000.0,,79.0,Black and White
142,Enes Batur,3.9,55000.0,Kamil Cetin,Low,Enes Batur,Low,Bilal Hanci,Low,Atakan Özyurt,Low,Comedy,UR,2018,Turkey,Turkish,,3595901.0,110.0,Color
143,Escape Plan 2: Hades,3.9,31000.0,Steven C. Miller,Low,Sylvester Stallone,Top 500,Dave Bautista,Top 5000,Xiaoming Huang,Low,Action Crime Mystery Sci-Fi Thriller,R,2018,China United States,English Chinese Arabic,45000000.0,17592626.0,96.0,Color
144,Prom Night,3.9,36000.0,Nelson McCormick,Low,Brittany Snow,Top 5000,Scott Porter,Top 5000,Jessica Stroup,Top 5000,Horror Mystery,PG-13,2008,United States Canada,English Italian,20000000.0,57197876.0,88.0,color
145,You Got Served,3.9,28000.0,Chris Stokes,Low,Omarion,Low,Jarell Houston,Low,Raz B,Low,Drama Music,PG-13,2004,United States,English,8000000.0,50576805.0,95.0,Color
146,Speed 2: Cruise Control,3.9,79000.0,Jan de Bont,Low,Sandra Bullock,Top 500,Jason Patric,Top 5000,Willem Dafoe,Top 500,Action Adventure Crime Romance Thriller,PG-13,1997,United States,English American Sign Language Portuguese,160000000.0,164508066.0,121.0,Color
147,Human Centipede 2: Tom Six Discusses the Story Concept,3.8,38000.0,Tom Six,Low,Laurence R. Harvey,Low,Ashlynn Yennie,Low,Maddi Black,Low,Horror,Not Rated,2011,United States Netherlands,English,,170323.0,91.0,Black and White/Color
148,Holmes & Watson,3.8,35000.0,Etan Cohen,Low,Will Ferrell,Top 5000,John C. Reilly,Top 5000,Ralph Fiennes,Top 500,Comedy Crime Mystery,PG-13,2018,United States Canada,English,42000000.0,40466970.0,90.0,Color
149,The Love Guru,3.8,52000.0,Marco Schnabel,Low,Mike Myers,Top 5000,Jessica Alba,Top 5000,Romany Malco,Low,Comedy Romance Sport,PG-13,2008,United Kingdom Germany United States,English,62000000.0,40877556.0,87.0,Color
150,In the Name of the King: A Dungeon Siege Tale,3.8,49000.0,Uwe Boll,Low,Jason Statham,Top 500,Ron Perlman,Top 5000,Ray Liotta,Top 5000,Action Adventure Fantasy Thriller War,PG-13,2007,Germany Canada United States,English,60000000.0,13097915.0,127.0,Color
151,The Adventures of Pluto Nash,3.8,26000.0,Ron Underwood,Low,Eddie Murphy,Top 5000,Jay Mohr,Top 5000,Randy Quaid,Top 5000,Action Comedy Sci-Fi,PG-13,2002,United States Australia,English,100000000.0,7103973.0,95.0,Color
152,Batman & Robin,3.8,245000.0,Joel Schumacher,Low,Arnold Schwarzenegger,Top 5000,George Clooney,Top 500,Chris O'Donnell,Top 5000,Action Sci-Fi,PG-13,1997,United States United Kingdom,English,125000000.0,238235719.0,125.0,Color
153,The Avengers,3.8,43000.0,Jeremiah S. Chechik,Low,Ralph Fiennes,Top 500,Uma Thurman,Top 5000,Sean Connery,Top 5000,Action Adventure Sci-Fi Thriller,PG-13,1998,United States,English,60000000.0,23384939.0,89.0,Color
154,Piranha 3DD,3.7,42000.0,John Gulager,Low,Danielle Panabaker,Top 5000,Ving Rhames,Top 5000,David Hasselhoff,Top 5000,Comedy Horror Sci-Fi Thriller,R,2012,United States,English,5000000.0,8518634.0,83.0,Color
155,The Wicker Man,3.7,67000.0,Neil LaBute,Low,Nicolas Cage,Top 500,Ellen Burstyn,Top 5000,Leelee Sobieski,Top 5000,Horror Mystery Thriller,PG-13,2006,United States Canada Germany,English,40000000.0,38805380.0,102.0,Color
156,The Fog,3.7,37000.0,Rupert Wainwright,Low,Tom Welling,Top 5000,Maggie Grace,Top 5000,Selma Blair,Top 5000,Horror Mystery,PG-13,2005,United States Canada,English,18000000.0,46201432.0,100.0,Color
157,The Adventures of Sharkboy and Lavagirl 3-D,3.7,36000.0,Robert Rodriguez,Top 500,Cayden Boyd,Low,George Lopez,Low,Kristin Davis,Top 5000,Action Adventure Comedy Family Fantasy Sci-Fi,PG,2005,United States,English,50000000.0,71992655.0,93.0,Color
158,The Room,3.7,87000.0,Tommy Wiseau,Low,Tommy Wiseau,Low,Juliette Danielle,Low,Greg Sestero,Low,Drama,R,2003,United States,English,6000000.0,4988181.0,99.0,Color
159,Dungeons & Dragons,3.7,33000.0,Courtney Solomon,Low,Justin Whalin,Low,Jeremy Irons,Top 5000,Zoe McLellan,Top 5000,Action Adventure Fantasy,PG-13,2000,United States Czech Republic Canada,English,45000000.0,33978694.0,107.0,Color
160,Mortal Kombat: Annihilation,3.7,54000.0,John R. Leonetti,Low,Robin Shou,Low,Talisa Soto,Low,James Remar,Top 5000,Action Adventure Fantasy Sci-Fi Thriller,PG-13,1997,United States,English,30000000.0,51376861.0,95.0,Color
161,Superman IV: The Quest for Peace,3.7,47000.0,Sidney J. Furie,Low,Christopher Reeve,Top 5000,Gene Hackman,Top 5000,Margot Kidder,Top 5000,Action Adventure Sci-Fi,PG,1987,United Kingdom United States,English Russian French Italian,17000000.0,15681020.0,90.0,Color
162,Jaws 3-D,3.7,43000.0,Joe Alves,Low,Dennis Quaid,Top 5000,Bess Armstrong,Low,Simon MacCorkindale,Low,Adventure Horror Thriller,PG,1983,United States,English,20500000.0,87987055.0,99.0,Color
163,I Know Who Killed Me,3.6,29000.0,Chris Sivertson,Low,Lindsay Lohan,Top 5000,Julia Ormond,Top 5000,Neal McDonough,Top 5000,Horror Mystery Thriller,R,2007,United States,English,12000000.0,9669758.0,105.0,Color
164,Scary Movie V,3.6,70000.0,Malcolm D. Lee,Low,Simon Rex,Top 5000,Ashley Tisdale,Top 5000,Charlie Sheen,Top 5000,Comedy,PG-13,2013,United States,English Spanish Latin,20000000.0,78378744.0,86.0,Color
165,Crossroads,3.6,40000.0,Tamra Davis,Low,Britney Spears,Low,Anson Mount,Top 5000,Zoe Saldana,Top 500,Comedy Drama Romance,PG-13,2002,United States,English,12000000.0,61141030.0,93.0,Color
166,Spice World,3.6,36000.0,Bob Spiers,Low,Mel B,Low,Emma Bunton,Low,Melanie C,Low,Comedy Family Music,PG,1997,United Kingdom,English,25000000.0,29342592.0,93.0,Color
167,Police Academy: Mission to Moscow,3.6,33000.0,Alan Metter,Low,G.W. Bailey,Low,George Gaynes,Low,Michael Winslow,Low,Comedy Crime,PG,1994,United States,English Russian,6200000.0,126247.0,83.0,Color
168,Vampires Suck,3.4,48000.0,Jason Friedberg,Low,Jenn Proske,Low,Matt Lanter,Top 5000,Diedrich Bader,Top 5000,Comedy Horror,PG-13,2010,United States,English German,20000000.0,80547866.0,82.0,Color
169,Dumb and Dumberer: When Harry Met Lloyd,3.4,39000.0,Troy Miller,Low,Derek Richardson,Low,Eric Christian Olsen,Top 5000,Eugene Levy,Top 5000,Comedy,PG-13,2003,United States,English,19000000.0,39267515.0,85.0,Color
170,Catwoman,3.4,116000.0,Pitof,Low,Halle Berry,Top 5000,Sharon Stone,Top 5000,Benjamin Bratt,Top 5000,Action Crime Fantasy,PG-13,2004,United States,English Spanish,100000000.0,82102379.0,104.0,Color
171,Barb Wire,3.4,28000.0,David Hogan,Low,Pamela Anderson,Top 5000,Amir AboulEla,Low,Adriana Alexander,Low,Action Sci-Fi,R,1996,United States,English French German,9000000.0,3793614.0,98.0,color
172,The Emoji Movie,3.3,62000.0,Tony Leondis,Low,T.J. Miller,Top 5000,James Corden,Low,Anna Faris,Top 5000,Animation Adventure Comedy Family Fantasy Sci-Fi,PG,2017,United States,English Spanish,50000000.0,217776646.0,86.0,Color
173,365 Days,3.3,72000.0,Barbara Bialowas,Low,Anna Maria Sieklucka,Low,Michele Morrone,Low,Bronislaw Wroclawski,Low,Drama Romance,TV-MA,2020,Poland,Polish English Italian,,9458590.0,114.0,Color
174,Jack and Jill,3.3,83000.0,Dennis Dugan,Low,Adam Sandler,Top 500,Katie Holmes,Top 5000,Al Pacino,Top 5000,Comedy,PG,2011,United States,English,79000000.0,149673788.0,91.0,Color
175,Cuties,3.2,30000.0,Maïmouna Doucouré,Low,Fathia Youssouf,Low,Médina El Aidi-Azouni,Low,Esther Gohourou,Low,Drama,TV-MA,2020,France,French Wolof Arabic Spanish English,,692459.0,96.0,Color
176,The Open House,3.2,34000.0,Matt Angel,Low,Dylan Minnette,Top 500,Piercey Dalton,Low,Patricia Bethune,Low,Horror Thriller,TV-MA,2018,Canada United States,English,100000.0,,94.0,Color
177,Slender Man,3.2,33000.0,Sylvain White,Low,Joey King,Top 5000,Julia Goldani Telles,Low,Jaz Sinclair,Low,Horror Mystery Thriller,PG-13,2018,United States,English,10000000.0,51738549.0,93.0,Color
178,Left Behind,3.1,39000.0,Vic Armstrong,Low,Nicolas Cage,Top 500,Lea Thompson,Top 5000,Cassi Thomson,Low,Action Fantasy Sci-Fi Thriller,PG-13,2014,United States Canada,English,16000000.0,27405896.0,110.0,Color
179,Rollerball,3.1,28000.0,John McTiernan,Low,Chris Klein,Top 5000,Jean Reno,Top 5000,LL Cool J,Low,Action Sci-Fi Sport,PG-13,2002,United States Germany Japan,English Russian French Arabic Korean German Japanese,70000000.0,25852764.0,98.0,Color
180,Troll 2,3.0,32000.0,Claudio Fragasso,Low,Michael Paul Stephenson,Low,George Hardy,Low,Margo Prey,Low,Comedy Fantasy Horror,PG-13,1990,Italy,English,100000.0,,95.0,Color
181,Jaws: The Revenge,3.0,45000.0,Joseph Sargent,Low,Lorraine Gary,Low,Lance Guest,Low,Mario Van Peebles,Top 5000,Adventure Horror Thriller,PG-13,1987,United States,English,23000000.0,51881013.0,89.0,Color
182,Celal and Ceren,2.9,42000.0,Togan Gökbakar,Low,Sahan Gökbakar,Low,Ezgi Mola,Low,Dilsah Demir,Low,Comedy Romance,UR,2013,Turkey,Turkish,,16999831.0,114.0,Color
183,BloodRayne,2.9,35000.0,Uwe Boll,Low,Kristanna Loken,Top 5000,Ben Kingsley,Top 5000,Michelle Rodriguez,Top 5000,Action Fantasy Horror,R,2005,Germany United States,English,25000000.0,3650275.0,95.0,Color
184,Meet the Spartans,2.8,107000.0,Jason Friedberg,Low,Sean Maguire,Low,Kevin Sorbo,Top 5000,Carmen Electra,Top 5000,Comedy Fantasy,PG-13,2008,United States,English,30000000.0,85897593.0,87.0,Color
185,Date Movie,2.8,59000.0,Aaron Seltzer,Low,Alyson Hannigan,Top 5000,Adam Campbell,Low,Fred Willard,Top 5000,Comedy Romance,PG-13,2006,United States Switzerland,English,20000000.0,85749034.0,83.0,Color
186,Cats,2.7,49000.0,Tom Hooper,Low,James Corden,Low,Judi Dench,Top 5000,Jason Derulo,Low,Comedy Drama Family Fantasy Musical,PG,2019,United Kingdom United States Canada Australia Japan,English,95000000.0,73833348.0,110.0,Color
187,Baby Geniuses,2.7,26000.0,Bob Clark,Low,Kathleen Turner,Top 5000,Christopher Lloyd,Top 5000,Kim Cattrall,Top 500,Comedy Crime Family Sci-Fi,PG,1999,United States,English,12000000.0,36450736.0,97.0,Color
188,Dragonball Evolution,2.5,73000.0,James Wong,Low,Justin Chatwin,Top 5000,James Marsters,Top 5000,Chow Yun-Fat,Low,Action Adventure Fantasy Sci-Fi Thriller,PG,2009,United States Mexico Hong Kong United Kingdom,English Japanese Hindi,30000000.0,55720772.0,85.0,Color
189,Gigli,2.5,48000.0,Martin Brest,Low,Ben Affleck,Top 500,Jennifer Lopez,Top 5000,Justin Bartha,Low,Comedy Crime Romance,R,2003,United States,English,54000000.0,7266209.0,121.0,Color
190,Battlefield Earth,2.5,79000.0,Roger Christian,Low,John Travolta,Top 5000,Forest Whitaker,Top 5000,Barry Pepper,Top 5000,Action Adventure Sci-Fi,PG-13,2000,United States,English,73000000.0,29725663.0,118.0,Color
191,Gunday,2.4,59000.0,Ali Abbas Zafar,Low,Ranveer Singh,Low,Arjun Kapoor,Low,Priyanka Chopra Jonas,Top 500,Action Drama Musical Romance,Not Rated,2014,India,Hindi Bengali,,11061813.0,152.0,Color
192,Laxmii,2.4,56000.0,Lawrence Raghavendra,Low,Akshay Kumar,Low,Kiara Advani,Low,Sharad Kelkar,Low,Action Comedy Horror,TV-MA,2020,India,Hindi English,,623913.0,141.0,Color
193,Epic Movie,2.4,105000.0,Jason Friedberg,Low,Kal Penn,Top 5000,Jennifer Coolidge,Top 5000,Fred Willard,Top 5000,Adventure Comedy Fantasy,PG-13,2007,United States,English,20000000.0,87238158.0,86.0,Color
194,Alone in the Dark,2.4,45000.0,Uwe Boll,Low,Christian Slater,Top 5000,Tara Reid,Top 5000,Stephen Dorff,Top 5000,Action Horror Sci-Fi,R,2005,Canada Germany United States,English,20000000.0,12693645.0,96.0,Color
195,Son of the Mask,2.2,55000.0,Lawrence Guterman,Low,Jamie Kennedy,Top 5000,Traylor Howard,Top 5000,Alan Cumming,Top 5000,Comedy Family Fantasy,PG,2005,United States Germany,English,84000000.0,59981548.0,94.0,Color
196,From Justin to Kelly,2.1,26000.0,Robert Iscove,Low,Kelly Clarkson,Low,Justin Guarini,Low,Katherine Bailess,Low,Comedy Musical Romance,PG,2003,United States,English,12000000.0,4928883.0,81.0,Color
197,House of the Dead,2.1,37000.0,Uwe Boll,Low,Jonathan Cherry,Low,Tyron Leitso,Low,Clint Howard,Top 5000,Action Adventure Horror,R,2003,Germany Canada United States,English,12000000.0,13818181.0,90.0,Color
198,Code Name: K.O.Z.,2.0,28000.0,Celal Çimen,Low,Cem Kurtoglu,Low,Hakan Ural,Low,Hazim Körmükcü,Low,Crime Mystery,Not Rated,2015,Turkey,Turkish,,1186730.0,114.0,Color
199,Race 3,1.9,45000.0,Remo D'Souza,Low,Anil Kapoor,Low,Salman Khan,Low,Bobby Deol,Low,Action Crime Thriller,Not Rated,2018,India,Hindi,,29969693.0,160.0,Color
200,Disaster Movie,1.9,90000.0,Jason Friedberg,Low,Carmen Electra,Top 5000,Vanessa Lachey,Top 5000,Nicole Parker,Low,Comedy Sci-Fi,PG-13,2008,United States,English,20000000.0,34816824.0,87.0,Color
201,The Hottie & the Nottie,1.9,38000.0,Tom Putnam,Low,Paris Hilton,Low,Joel David Moore,Low,Christine Lakin,Top 5000,Comedy Romance,PG-13,2008,United States,English,,1596232.0,91.0,Color
202,Superbabies: Baby Geniuses 2,1.9,31000.0,Bob Clark,Low,Jon Voight,Top 5000,Scott Baio,Top 5000,Vanessa Angel,Top 5000,Comedy Family Sci-Fi,PG,2004,Germany United Kingdom United States,English,20000000.0,9448644.0,88.0,Color
203,Radhe,1.8,175000.0,Prabhu Deva,Low,Salman Khan,Low,Disha Patani,Low,Randeep Hooda,Low,Action Crime Thriller,TV-MA,2021,India,Hindi,,1900312.0,135.0,Color
204,Manos: The Hands of Fate,1.8,36000.0,Harold P. Warren,Low,Tom Neyman,Low,John Reynolds,Low,Diane Adelson,Low,Horror,Not Rated,1966,United States,English,19000.0,,70.0,color
205,The Cost of Deception,1.5,37000.0,Keith English,Low,Vivianne Bánovits,Low,András Mózes,Low,Barna Bokor,Low,Crime Drama History Thriller,UR,2021,Hungary,Hungarian,,599793.0,125.0,Color
206,Reis,1.4,73000.0,Hüdaverdi Yavuz,Low,Orhan Aydin,Low,Özlem Balci,Low,Volkan Basaran,Low,Biography Drama,UR,2017,Turkey,Turkish,8000000.0,538551.0,108.0,Color
207,Smolensk,1.2,39000.0,Antoni Krauze,Low,Beata Fido,Low,Maciej Póltorak,Low,Aldona Struzik,Low,Drama Thriller,UR,2016,Poland,Polish English,3000000.0,2336032.0,120.0,Color
208,Sadak 2,1.1,94000.0,Mahesh Bhatt,Low,Priyanka Bose,Top 5000,Alia Bhatt,Low,Sanjay Dutt,Low,Action Drama,TV-MA,2020,India,Hindi,,2073.0,133.0,Color
209,Cumali Ceber,1.0,39000.0,Gökhan Gök,Low,Halil Söyletmez,Low,Doga Konakoglu,Low,Emre Keskin,Low,Comedy,UR,2017,Turkey,Turkish,,1415773.0,100.0,color
